Id;Наименование товара; Главное изображение; Производитель;Activity; Цена
1;Super Minds. Level 4. Workbook with Online Resources;701132.jpg;38;2;1210
2;Super Minds. Workbook 2 with Online Resources;701128.jpg;38;1;1200
3;Eyes Open. Level 3. Student's Book;700890.jpg;38;1;1350
4;Advanced Grammar in Use. Book without Answers;700673.jpg;38;1;1850
5;Английский на каждый день;698477.jpg;17;1;670
6;English for Everyone. English Vocabulary Builder;715802.jpg;5;1;1980
7;Cracking GMAT Premium 2020 Edition. 6 Practice Tests;724652.jpg;1;1;3140
8;Учебник английского языка. Полный курс;729944.jpg;36;1;1000
9;Английский без страха для тех кому за...;720888.jpg;17;1;290
10;Grammarway 2. Teacher's Book. Elementary;702075.jpg;8;1;910
11;Tree or Three? An elementary pronunciation course;701141.jpg;38;1;1870
12;Prism Reading. Intro. Student's Book;699858.jpg;38;1;2930
13;Think. Level 3. B1+. Student's Book;701135.jpg;38;1;1640
14;Учим английский язык с енотами-полиглотами;724934.jpg;17;1;340
15;Super Minds. Workbook 1 with Online Resources;701125.jpg;38;1;1230
16;Говори как английская королева. The Queen's English and how to use it;699791.jpg;17;1;420
17;Dive in! Blue;729198.jpg;6;1;630
18;Вся грамматика английского языка в таблицах. Учебное пособие;716788.jpg;47;1;390
19;New Enterprise A2. Workbook with digibook app;701884.jpg;8;1;1220
20;Eyes Open Level 1 Student's Book;700889.jpg;38;1;1340
21;Английский язык. Популярный иллюстрированный самоучитель;726891.jpg;17;1;400
22;Grammarway 1. Book with Answers. Beginner;702074.jpg;8;1;1270
23;Business Vocabulary in Use. Advanced. Book with Answers;700674.jpg;38;1;2220
24;Разговорный английский в диалогах. Учебное пособие;730838.jpg;2;1;1140
25;Английский без барьеров. For beginners;722958.jpg;44;1;420
26;Pocket English Grammar (Карманная грамматика английского языка). Справочное пособие;690825.jpg;49;1;390
27;Evolve. Level 1. Student's Book;702640.jpg;38;2;1840
28;Реальный English. Как подружиться с грамматикой раз и навсегда;704508.jpg;29;1;690
29;English Vocabulary in Use. Advanced. Book with Answers;700703.jpg;38;2;1860
30;Быстрый английский. Тренажер по чтению;715170.jpg;17;1;240
31;Деловой английский язык. (Бакалавриат и магистратура). Учебное пособие;712853.jpg;2;1;1080
32;Английский язык. Самые нужные правила;729858.jpg;17;1;180
33;Legal English. Английский язык для юристов. Учебник;707289.jpg;49;1;2720
34;OK English! Все правила английского языка с упражнениями;694544.jpg;17;1;370
35;Dive in! Orange;729200.jpg;6;1;650
36;Английская грамматика. Просто и понятно: правила  модели упражнения. Учебное пособие;716808.jpg;50;1;2060
37;Grammar in Use. Intermediate. Student's Book without Answers;700903.jpg;38;2;1740
38;Современная английская грамматика в таблицах;721525.jpg;9;1;340
39;Everyday Vocabulary + Grammar. For Intermediate Students. Учебное пособие;722745.jpg;24;1;1180
40;English for Everyone. English Idioms;715801.jpg;5;1;2290
41;Вся грамматика английского языка. Теория и практика;724335.jpg;17;1;410
42;Говорим по-английски;706297.jpg;32;1;220
43;Business Vocabulary in Use. Intermediate. Book with Answers and Enhanced ebook;700676.jpg;38;1;2690
44;Безупречная английская грамматика. Простые правила и увлекательные тесты;723769.jpg;17;1;720
45;Exam Booster For Advanced Without Ans Key + Audio;714676.jpg;38;1;1300
46;Grammar in Use. Intermediate. Student's Book with Answers and Interactive eBook;700900.jpg;38;2;2380
47;Английская грамматика в схемах и таблицах;713804.jpg;17;1;170
48;Английский язык. Тренажер по чтению;710082.jpg;17;1;170
49;Английский язык для технических специальностей. Учебное пособие;730048.jpg;49;2;2550
50;Интенсивный английский 4 в 1: говорим,  читаем,  пишем,  слушаем;716807.jpg;50;1;1840
51;Английские пословицы и поговорки. Учебное пособие;714143.jpg;47;2;260
52;Super Minds. Level 3. Workbook with Online Resources;701130.jpg;38;1;1200
53;Английский язык. Времена глаголов;710081.jpg;17;1;150
54;Английский курсив: прописи;715875.jpg;3;2;300
55;Английский язык. Фразовые глаголы;710083.jpg;17;1;160
56;English for Beginners: Everyday English;693086.jpg;18;1;330
57;Курс английской разговорной речи. Учебное пособие;722820.jpg;50;1;1790
58;New Enterprise A2 Student's Book with DigiBooks App;701882.jpg;8;1;1650
59;Business Vocabulary in Use. Advanced. Book with Answers and Enhanced ebook;700675.jpg;38;1;2840
60;Prepare. Level 2. Student's Book;701088.jpg;38;2;1780
61;Your Space Level 2 Student's Book;701151.jpg;38;1;1380
62;Вся английская грамматика в схемах и таблицах;729025.jpg;17;2;370
63;Dive in! Green;729199.jpg;6;2;640
64;English Grammar Today Book with Workbook;700707.jpg;38;2;4110
65;Разговорная грамматика английского языка;725306.jpg;17;1;360
66;Think. Level 3. B1+. Workbook with Online Practice;701138.jpg;38;1;1140
67;Английский язык за 3 месяца. Быстрый восстановитель знаний;714131.jpg;17;1;270
68;Prepare. Level 4. B1. Student's Book;701097.jpg;38;1;1810
69;Английский язык. Идиомы (полезные карточки);729857.jpg;17;1;140
70;Английский язык. Все времена и глаголы в схемах и таблицах;729495.jpg;17;1;350
71;Английский с нуля. Учебное пособие;716806.jpg;50;1;1840
72;English Vocabulary in Use. Elementary. Book with Answers and Enhanced eBook;700704.jpg;38;1;2380
73;Каллиграфия. Английский курсив. Самоучитель;721737.jpg;3;2;270
74;Ship or Sheep? An intermediate pronunciation course;701112.jpg;38;1;2210
75;Eyes Open. Level 3. Workbook with Online Practice;700891.jpg;38;1;1110
76;New Enterprise A2 - Grammar Book (with Digibooks App);701883.jpg;8;1;1250
77;Cracking the GRE Premium Edition with 6 Practice Tests,  2020;730252.jpg;1;1;3110
78;Prepare. Level 5. B1. Student's Book;701098.jpg;38;1;1790
79;Английский язык для менеджеров. Учебное пособие;693032.jpg;50;1;1280
80;Учебник английского языка. Часть 2;717996.jpg;36;1;690
81;Быстрый английский для начинающих;714137.jpg;17;1;230
82;Prepare. Level 3. A2. Student's Book;701094.jpg;38;1;1810
83;Тренажер по чтению. Самый быстрый способ выучить английский язык;718058.jpg;17;2;120
84;English Vocabulary in Use. Upper-Intermediate. Book with Answers;700705.jpg;38;1;1890
85;Professional English for PR Students: People and Society;716803.jpg;50;1;780
86;Английский язык. Идиомы;713805.jpg;17;1;130
87;Elementary Vocabulary + Grammar. Foe Beginners and Pre-Intermediate Students. Учебное пособие;731489.jpg;24;2;960
88;Самый быстрый способ выучить неправильные английские глаголы;718057.jpg;17;1;70
89;English Grammar in Use. Book without Answers;700691.jpg;38;2;1760
90;Английская грамматика. Самое важное. Учебное пособие (мини);726085.jpg;7;1;80
91;Grammar in Use Intermediate Student's Book with Answers Self-study Reference and Practice;700901.jpg;38;1;1950
92;English Grammar in Use. Book with Answers;700689.jpg;38;1;1950
93;Английский для малышей и мам @my_english_baby. Как воспитать билингвального ребенка;718408.jpg;17;1;390
94;Грамматический профиль. Grammar Profile. Учебное пособие;710904.jpg;47;2;450
95;Английский язык на пальцах;712495.jpg;17;2;360
96;Prepare. Level 2. A2. Workbook with Audio Download;701093.jpg;38;1;1340
97;Учебник английского языка. Часть 1;713136.jpg;36;1;710
98;Грамматика английского языка. Просто и доступно. Учебное пособие;696499.jpg;47;2;450
99;Безупречный английский. Самоучитель для начинающих;727495.jpg;17;1;680
100;Your Space. Level 1. Student's Book;701149.jpg;38;1;1370
